Gold Triple,Completed Triples,Mask Position,Type Triple
"(Made in Dagenham, genre film, comedy)","(2010 British film directed by Nigel Cole, genre film, comedy)",head,"(Film, Describes type as, Film Genre)"
"(Bullets Over Broadway, genre film, comedy)","(Manhattan Murder Mystery, genre film, comedy)",head,"(Film, Describes type as, Film Genre)"
"(American Reunion, genre film, comedy)","(American Reunion, genre film, comedy)",head,"(Film, Describes type as, Film Genre)"
"(Ferris Bueller's Day Off, genre film, comedy)","(american_pie, genre film, comedy)",head,"(Film, Describes type as, Film Genre)"
"(North, genre film, comedy)","(1994 comedy film by Rob Reiner, genre film, comedy)",head,"(Film, Describes type as, Film Genre)"
"(Ghost World, genre film, comedy)","(2001 film by Terry Zwigoff, genre film, comedy)",head,"(Film, Describes type as, Film Genre)"
"(Volver, genre film, comedy)","(Volver, genre film, comedy)",head,"(Film, Describes type as, Film Genre)"
"(Superman III, genre film, comedy)","(Superman III, genre film, comedy)",head,"(Film, Describes type as, Film Genre)"
"(Scary Movie 3, genre film, comedy)","(American Pie, genre film, comedy), (The Big Lebowski, genre film, comedy), (Top Hat, genre film, comedy), (Seven Brides for Seven Brothers, genre film, comedy), (Burn After Reading, genre film, comedy), (Scott Pilgrim vs. the World, genre film, comedy)",head,"(Film, Describes type as, Film Genre)"
"(American Pie, genre film, comedy)","(American Pie, genre film, comedy)",head,"(Film, Describes type as, Film Genre)"
"(Funny People, genre film, comedy)","(This Is 40, genre film, comedy)",head,"(Film, Describes type as, Film Genre)"
"(Dinner for Schmucks, genre film, comedy)","(2010 film by Jay Roach, genre film, comedy)",head,"(Film, Describes type as, Film Genre)"
"(The Life Aquatic with Steve Zissou, genre film, comedy)","(The Life Aquatic with Steve Zissou, genre film, comedy)",head,"(Film, Describes type as, Film Genre)"
"(Dr. No, genre film, action film)","(1962 film by Terence Young, genre film, action film)",head,"(Film, Describes type as, Film Genre)"
"(Elite Squad: The Enemy Within, genre film, action film)","(Elite Squad: The Enemy Within, genre film, action film)",head,"(Film, Describes type as, Film Genre)"
"(The Green Hornet, genre film, action film)","(The Green Hornet, genre film, action film)",head,"(Film, Describes type as, Film Genre)"
"(The Island, genre film, action film)","(2005 American science fiction action thriller film directed by Michael Bay, genre film, action film)",head,"(Film, Describes type as, Film Genre)"
"(The Expendables, genre film, action film)","(The Expendables, genre film, action film)",head,"(Film, Describes type as, Film Genre)"
"(13 Assassins, genre film, action film)","(action film, genre film, action film), (action film, genre film, action film)",head,"(Film, Describes type as, Film Genre)"
"(Spy Kids, genre film, action film)","(action film, genre film, action film)",head,"(Film, Describes type as, Film Genre)"
"(Contraband, genre film, action film)","(Contraband, genre film, action film)",head,"(Film, Describes type as, Film Genre)"
"(Goldfinger, genre film, action film)","(Dr. No, genre film, action film)",head,"(Film, Describes type as, Film Genre)"
"(On Her Majesty's Secret Service, genre film, action film)","(On Her Majestys Secret Service, genre film, action film)",head,"(Film, Describes type as, Film Genre)"
"(Taken 2, genre film, action film)","(Taken, genre film, action film)",head,"(Film, Describes type as, Film Genre)"
"(The House of Mirth, genre film, drama film)","(drama film, genre film, drama film)",head,"(Film, Describes type as, Film Genre)"
"(No Country for Old Men, genre film, drama film)","(No Country for Old Men, genre film, drama film)",head,"(Film, Describes type as, Film Genre)"
"(Interview with the Vampire, genre film, drama film)","(Interview with the Vampire, genre film, drama film)",head,"(Film, Describes type as, Film Genre)"
"(Monster, genre film, drama film)","(Monster, genre film, drama film)",head,"(Film, Describes type as, Film Genre)"
"(Mutiny on the Bounty, genre film, drama film)","(drama film, genre film, drama film)",head,"(Film, Describes type as, Film Genre)"
"(A Passage to India, genre film, drama film)","(drama film, genre film, drama film)",head,"(Film, Describes type as, Film Genre)"
"(Big Miracle, genre film, drama film)","(drama film, genre film, drama film)",head,"(Film, Describes type as, Film Genre)"
"(Topaz, genre film, drama film)","(drama film, genre film, drama film)",head,"(Film, Describes type as, Film Genre)"
"(Evangelion: 1.0 You Are Not Alone, genre film, drama film)","(drama film, genre film, drama film)",head,"(Film, Describes type as, Film Genre)"
"(Romeo and Juliet, genre film, drama film)","(drama film, genre film, drama film)",head,"(Film, Describes type as, Film Genre)"
"(The Godfather, genre film, drama film)","(The Godfather, genre film, drama film)",head,"(Film, Describes type as, Film Genre)"
"(Midnight Cowboy, genre film, drama film)","(drama film, genre film, drama film)",head,"(Film, Describes type as, Film Genre)"
"(Shame, genre film, drama film)","(drama film, genre film, drama film)",head,"(Film, Describes type as, Film Genre)"
"(All About Eve, genre film, drama film)","(drama film, genre film, drama film)",head,"(Film, Describes type as, Film Genre)"
"(This Must Be the Place, genre film, drama film)","(The Great Beauty, genre film, drama film)",head,"(Film, Describes type as, Film Genre)"
"(A History of Violence, genre film, drama film)","(A History of Violence, genre film, drama film)",head,"(Film, Describes type as, Film Genre)"
"(Anatomy of a Murder, genre film, drama film)","(Anatomy of a Murder, genre film, drama film)",head,"(Film, Describes type as, Film Genre)"
"(The King's Speech, genre film, drama film)","(drama film, genre film, drama film)",head,"(Film, Describes type as, Film Genre)"
"(My Week with Marilyn, genre film, drama film)","(drama film, genre film, drama film)",head,"(Film, Describes type as, Film Genre)"
"(Quo Vadis, genre film, drama film)","(drama film, genre film, drama film)",head,"(Film, Describes type as, Film Genre)"
"(Veer-Zaara, genre film, drama film)","(Veer-Zaara, genre film, drama film), (Veer-Zaara, genre film, drama film)",head,"(Film, Describes type as, Film Genre)"
"(Flight, genre film, drama film)","(drama film, genre film, drama film)",head,"(Film, Describes type as, Film Genre)"
"(Mildred Pierce, genre film, drama film)","(drama film, genre film, drama film), (drama film, genre film, drama film)",head,"(Film, Describes type as, Film Genre)"
"(Hook, genre film, adventure film)","(movie, genre film, adventure film)",head,"(Film, Describes type as, Film Genre)"
"(The Rocketeer, genre film, adventure film)","(1991 film directed by Joe Johnston, genre film, adventure film)",head,"(Film, Describes type as, Film Genre)"
"(Danny Huston, profession person people, actor)","(Danny Huston, profession person people, actor), (Danny Huston, profession person people, director)",tail,"(Actor, Has attribute as, Profession)"
"(Ray Romano, profession person people, actor)","(Ray Romano, profession person people, comedian), (Ray Romano, profession person people, actor)",tail,"(Actor, Has attribute as, Profession)"
"(Donald Pleasence, profession person people, actor)","(Donald Pleasence, profession person people, actor)",tail,"(Actor, Has attribute as, Profession)"
"(Fredric March, profession person people, actor)","(Fredric March, profession person people, actor)",tail,"(Actor, Has attribute as, Profession)"
"(Jack Benny, profession person people, actor)","(Jack Benny, profession person people, actor), (Jack Benny, profession person people, comedian), (Jack Benny, profession person people, vaudevillian)",tail,"(Actor, Has attribute as, Profession)"
"(Roger Bart, profession person people, actor)","(Roger Bart, profession person people, actor)",tail,"(Actor, Has attribute as, Profession)"
"(Gabriel Byrne, profession person people, writer)","(Gabriel Byrne, profession person people, actor), (Gabriel Byrne, profession person people, film director), (Gabriel Byrne, profession person people, film producer), (Gabriel Byrne, profession person people, writer), (Gabriel Byrne, profession person people, audiobook narrator)",tail,"(Actor, Has attribute as, Profession)"
"(Jerry Stiller, profession person people, actor)","(Jerry Stiller, profession person people, actor), (Jerry Stiller, profession person people, comedian), (Jerry Stiller, profession person people, author)",tail,"(Actor, Has attribute as, Profession)"
"(Spike Milligan, profession person people, actor)","(Spike Milligan, profession person people, comedian), (Spike Milligan, profession person people, writer), (Spike Milligan, profession person people, musician), (Spike Milligan, profession person people, poet), (Spike Milligan, profession person people, playwright), (Spike Milligan, profession person people, soldier), (Spike Milligan, profession person people, actor)",tail,"(Actor, Has attribute as, Profession)"
"(Rod Steiger, profession person people, actor)","(Rod Steiger, profession person people, actor)",tail,"(Actor, Has attribute as, Profession)"
"(Bob Odenkirk, profession person people, actor)","(Bob Odenkirk, profession person people, actor), (Bob Odenkirk, profession person people, comedian), (Bob Odenkirk, profession person people, writer), (Bob Odenkirk, profession person people, director), (Bob Odenkirk, profession person people, producer)",tail,"(Actor, Has attribute as, Profession)"
"(Shia LaBeouf, profession person people, actor)","(Shia LaBeouf, profession person people, actor), (Shia LaBeouf, profession person people, artist)",tail,"(Actor, Has attribute as, Profession)"
"(Tracy Morgan, profession person people, actor)","(Tracy Morgan, profession person people, actor), (Tracy Morgan, profession person people, author)",tail,"(Actor, Has attribute as, Profession)"
"(Xander Berkeley, profession person people, actor)","(Xander Berkeley, profession person people, actor)",tail,"(Actor, Has attribute as, Profession)"
"(David Warner, profession person people, actor)","(David Warner, profession person people, actor)",tail,"(Actor, Has attribute as, Profession)"
"(Brendan Coyle, profession person people, actor)","(Brendan Coyle, profession person people, actor)",tail,"(Actor, Has attribute as, Profession)"
"(Basil Rathbone, profession person people, actor)","(Basil Rathbone, profession person people, actor)",tail,"(Actor, Has attribute as, Profession)"
"(Keith David, profession person people, actor)","(Keith David, profession person people, actor), (Keith David, profession person people, voice_actor)",tail,"(Actor, Has attribute as, Profession)"
"(Michael McKean, profession person people, actor)","(Michael McKean, profession person people, actor), (Michael McKean, profession person people, screenwriter), (Michael McKean, profession person people, voice_actor)",tail,"(Actor, Has attribute as, Profession)"
"(Judi Dench, profession person people, actor)","(Judi Dench, profession person people, actor), (Judi Dench, profession person people, actress)",tail,"(Actor, Has attribute as, Profession)"
"(Paul Winfield, profession person people, actor)","(Paul Winfield, profession person people, actor)",tail,"(Actor, Has attribute as, Profession)"
"(Frank Oz, profession person people, actor)","(Frank Oz, profession person people, actor), (Frank Oz, profession person people, director)",tail,"(Actor, Has attribute as, Profession)"
"(Prem Nath, profession person people, actor)","(Prem Nath, profession person people, actor), (Prem Nath, profession person people, film director)",tail,"(Actor, Has attribute as, Profession)"
"(Daniel Craig, profession person people, actor)","(Daniel Craig, profession person people, actor)",tail,"(Actor, Has attribute as, Profession)"
"(Sam Shepard, profession person people, actor)","(Sam Shepard, profession person people, actor)",tail,"(Actor, Has attribute as, Profession)"
"(Zachary Quinto, profession person people, actor)","(Zachary Quinto, profession person people, actor), (Zachary Quinto, profession person people, film producer)",tail,"(Actor, Has attribute as, Profession)"
"(Arjun Rampal, profession person people, actor)","(Arjun Rampal, profession person people, actor), (Arjun Rampal, profession person people, model), (Arjun Rampal, profession person people, producer), (Arjun Rampal, profession person people, television_host)",tail,"(Actor, Has attribute as, Profession)"
"(Lindsay Lohan, profession person people, actor)","(Lindsay Lohan, profession person people, actor)",tail,"(Actor, Has attribute as, Profession)"
"(James Remar, profession person people, actor)","(James Remar, profession person people, actor), (James Remar, profession person people, voice_actor)",tail,"(Actor, Has attribute as, Profession)"
"(Josh Lucas, profession person people, actor)","(Josh Lucas, profession person people, actor)",tail,"(Actor, Has attribute as, Profession)"
"(Theodore Bikel, profession person people, actor)","(Theodore Bikel, profession person people, actor), (Theodore Bikel, profession person people, teacher)",tail,"(Actor, Has attribute as, Profession)"
"(David Rasche, profession person people, actor)","(David Rasche, profession person people, actor)",tail,"(Actor, Has attribute as, Profession)"
"(Kyra Sedgwick, profession person people, actor)","(Kyra Sedgwick, profession person people, actor)",tail,"(Actor, Has attribute as, Profession)"
"(Anne Heche, profession person people, actor)","(Anne Heche, profession person people, actor)",tail,"(Actor, Has attribute as, Profession)"
"(Usher, profession person people, songwriter)","(Usher, profession person people, actor), (Usher, profession person people, singer), (Usher, profession person people, songwriter), (Usher, profession person people, dancer), (Usher, profession person people, music executive)",tail,"(Actor, Has attribute as, Profession)"
"(Tobey Maguire, profession person people, actor)","(Tobey Maguire, profession person people, actor), (Tobey Maguire, profession person people, film producer)",tail,"(Actor, Has attribute as, Profession)"
"(Paul Reiser, profession person people, actor)","(Paul Reiser, profession person people, actor)",tail,"(Actor, Has attribute as, Profession)"
"(Tinnu Anand, profession person people, actor)","(Tinnu Anand, profession person people, actor), (Tinnu Anand, profession person people, film director)",tail,"(Actor, Has attribute as, Profession)"
"(Max Casella, profession person people, actor)","(Max Casella, profession person people, actor)",tail,"(Actor, Has attribute as, Profession)"
"(Ricardo Antonio Chavira, profession person people, actor)","(Ricardo Antonio Chavira, profession person people, Actor)",tail,"(Actor, Has attribute as, Profession)"
"(Danny Denzongpa, profession person people, actor)","(Danny Denzongpa, profession person people, actor)",tail,"(Actor, Has attribute as, Profession)"
"(E. G. Marshall, profession person people, actor)","(E. G. Marshall, profession person people, actor)",tail,"(Actor, Has attribute as, Profession)"
"(Mammootty, profession person people, actor)","(Mammootty, profession person people, Actor), (Mammootty, profession person people, Film Producer)",tail,"(Actor, Has attribute as, Profession)"
"(Angie Dickinson, profession person people, actor)","(Angie Dickinson, profession person people, actor)",tail,"(Actor, Has attribute as, Profession)"
"(Ryan Kwanten, profession person people, actor)","(Ryan Kwanten, profession person people, actor)",tail,"(Actor, Has attribute as, Profession)"
"(Ang Lee, profession person people, screenwriter)","(Ang Lee, profession person people, film director), (Ang Lee, profession person people, screenwriter), (Ang Lee, profession person people, film producer)",tail,"(Actor, Has attribute as, Profession)"
"(William Petersen, profession person people, actor)","(William Petersen, profession person people, Actor)",tail,"(Actor, Has attribute as, Profession)"
"(Richard Gere, profession person people, actor)","(Richard Gere, profession person people, actor)",tail,"(Actor, Has attribute as, Profession)"
"(Aida Turturro, profession person people, actor)","(Aida Turturro, profession person people, Actor)",tail,"(Actor, Has attribute as, Profession)"
"(Rich Sommer, profession person people, actor)","(Rich Sommer, profession person people, actor)",tail,"(Actor, Has attribute as, Profession)"
"(Tony Shalhoub, profession person people, actor)","(Tony Shalhoub, profession person people, actor), (Tony Shalhoub, profession person people, television_producer)",tail,"(Actor, Has attribute as, Profession)"
"(Emilio Estevez, profession person people, actor)","(Emilio Estevez, profession person people, actor), (Emilio Estevez, profession person people, director), (Emilio Estevez, profession person people, writer)",tail,"(Actor, Has attribute as, Profession)"
"(Harry Morgan, profession person people, actor)","(Harry Morgan, profession person people, actor), (Harry Morgan, profession person people, director)",tail,"(Actor, Has attribute as, Profession)"
"(Mako, profession person people, actor)","(Mako, profession person people, actor)",tail,"(Actor, Has attribute as, Profession)"
"(Paul Newman, profession person people, actor)","(Paul Newman, profession person people, actor), (Paul Newman, profession person people, film director)",tail,"(Actor, Has attribute as, Profession)"
"(Prakash Raj, profession person people, actor)","(Prakash Raj, profession person people, actor), (Prakash Raj, profession person people, director), (Prakash Raj, profession person people, producer), (Prakash Raj, profession person people, television presenter)",tail,"(Actor, Has attribute as, Profession)"
"(Chris Rock, profession person people, actor)","(Chris Rock, profession person people, actor), (Chris Rock, profession person people, comedian), (Chris Rock, profession person people, screenwriter), (Chris Rock, profession person people, television producer), (Chris Rock, profession person people, film producer), (Chris Rock, profession person people, director)",tail,"(Actor, Has attribute as, Profession)"
"(Seth Rogen, profession person people, actor)","(Seth Rogen, profession person people, actor), (Seth Rogen, profession person people, voice_actor), (Seth Rogen, profession person people, comedian)",tail,"(Actor, Has attribute as, Profession)"
"(Hugh Laurie, profession person people, actor)","(Hugh Laurie, profession person people, actor), (Hugh Laurie, profession person people, comedian), (Hugh Laurie, profession person people, writer), (Hugh Laurie, profession person people, musician), (Hugh Laurie, profession person people, director)",tail,"(Actor, Has attribute as, Profession)"
"(Hugh Laurie, profession person people, musician)","(Hugh Laurie, profession person people, musician), (Hugh Laurie, profession person people, director)",tail,"(Actor, Has attribute as, Profession)"
"(Ryan Reynolds, profession person people, actor)","(Ryan Reynolds, profession person people, actor), (Ryan Reynolds, profession person people, comedian), (Ryan Reynolds, profession person people, screenwriter), (Ryan Reynolds, profession person people, film producer)",tail,"(Actor, Has attribute as, Profession)"
"(Cree Summer, profession person people, musician)","(Cree Summer, profession person people, actor), (Cree Summer, profession person people, musician)",tail,"(Actor, Has attribute as, Profession)"
"(Robin Wright, profession person people, actor)","(Robin Wright, profession person people, actor)",tail,"(Actor, Has attribute as, Profession)"
"(Kris Kristofferson, profession person people, musician)","(Kris Kristofferson, profession person people, musician)",tail,"(Actor, Has attribute as, Profession)"
"(Benny Andersson, profession person people, musician)","(Benny Andersson, profession person people, actor)",tail,"(Actor, Has attribute as, Profession)"
"(Sacha Baron Cohen, profession person people, film producer)","(Sacha Baron Cohen, profession person people, actor), (Sacha Baron Cohen, profession person people, comedian), (Sacha Baron Cohen, profession person people, screenwriter), (Sacha Baron Cohen, profession person people, director), (Sacha Baron Cohen, profession person people, film producer)",tail,"(Actor, Has attribute as, Profession)"
"(Matt Lucas, profession person people, screenwriter)","(Matt Lucas, profession person people, screenwriter)",tail,"(Actor, Has attribute as, Profession)"
"(Tommy Lee Jones, profession person people, actor)","(Tommy Lee Jones, profession person people, actor), (Tommy Lee Jones, profession person people, film director)",tail,"(Actor, Has attribute as, Profession)"
"(Stephen Fry, profession person people, writer)","(Stephen Fry, profession person people, writer), (Stephen Fry, profession person people, presenter), (Stephen Fry, profession person people, activist)",tail,"(Actor, Has attribute as, Profession)"
"(Wong Kar-wai, profession person people, screenwriter)","(Wong Kar-wai, profession person people, film director), (Wong Kar-wai, profession person people, screenwriter), (Wong Kar-wai, profession person people, film producer)",tail,"(Actor, Has attribute as, Profession)"
"(Piper Laurie, profession person people, actor)","(Piper Laurie, profession person people, actor)",tail,"(Actor, Has attribute as, Profession)"
"(Til Schweiger, profession person people, actor)","(Til Schweiger, profession person people, actor), (Til Schweiger, profession person people, film director), (Til Schweiger, profession person people, screenwriter)",tail,"(Actor, Has attribute as, Profession)"
"(Alfre Woodard, profession person people, actor)","(Alfre Woodard, profession person people, actor)",tail,"(Actor, Has attribute as, Profession)"
"(Denis Leary, profession person people, actor)","(Denis Leary, profession person people, actor), (Denis Leary, profession person people, comedian)",tail,"(Actor, Has attribute as, Profession)"
"(John Amos, profession person people, actor)","(John Amos, profession person people, actor)",tail,"(Actor, Has attribute as, Profession)"
"(Blythe Danner, profession person people, actor)","(Blythe Danner, profession person people, actor)",tail,"(Actor, Has attribute as, Profession)"
"(Bai Ling, profession person people, actor)","(Bai Ling, profession person people, actor)",tail,"(Actor, Has attribute as, Profession)"
"(Peter Riegert, profession person people, actor)","(Peter Riegert, profession person people, actor), (Peter Riegert, profession person people, director)",tail,"(Actor, Has attribute as, Profession)"
"(Jason Flemyng, profession person people, actor)","(Jason Flemyng, profession person people, actor)",tail,"(Actor, Has attribute as, Profession)"
"(Felicity Huffman, profession person people, actor)","(Felicity Huffman, profession person people, actor)",tail,"(Actor, Has attribute as, Profession)"
"(Mike Myers, profession person people, screenwriter)","(Mike Myers, profession person people, comedian), (Mike Myers, profession person people, screenwriter), (Mike Myers, profession person people, film producer)",tail,"(Actor, Has attribute as, Profession)"
"(Sandra Bernhard, profession person people, actor)","(Sandra Bernhard, profession person people, actor)",tail,"(Actor, Has attribute as, Profession)"
"(Denzel Washington, profession person people, actor)","(Denzel Washington, profession person people, actor), (Denzel Washington, profession person people, screenwriter), (Denzel Washington, profession person people, director), (Denzel Washington, profession person people, producer)",tail,"(Actor, Has attribute as, Profession)"
"(Kyle Chandler, profession person people, actor)","(Kyle Chandler, profession person people, actor)",tail,"(Actor, Has attribute as, Profession)"
"(Jagdeep, profession person people, actor)","(Jagdeep, profession person people, actor), (Jagdeep, profession person people, performer), (Jagdeep, profession person people, entertainer)",tail,"(Actor, Has attribute as, Profession)"
"(Saul Rubinek, profession person people, actor)","(Saul Rubinek, profession person people, actor)",tail,"(Actor, Has attribute as, Profession)"
"(Don Knotts, profession person people, actor)","(Don Knotts, profession person people, actor), (Don Knotts, profession person people, comedian)",tail,"(Actor, Has attribute as, Profession)"
"(Thomas Lennon, profession person people, screenwriter)","(Thomas Lennon, profession person people, actor), (Thomas Lennon, profession person people, comedian), (Thomas Lennon, profession person people, screenwriter)",tail,"(Actor, Has attribute as, Profession)"
"(Colin Firth, profession person people, actor)","(Colin Firth, profession person people, actor)",tail,"(Actor, Has attribute as, Profession)"
"(Bruce Greenwood, profession person people, musician)","(Bruce Greenwood, profession person people, musician)",tail,"(Actor, Has attribute as, Profession)"
"(Joseph Cotten, profession person people, actor)","(Joseph Cotten, profession person people, actor)",tail,"(Actor, Has attribute as, Profession)"
"(Harry Shearer, profession person people, actor)","(Harry Shearer, profession person people, actor)",tail,"(Actor, Has attribute as, Profession)"
"(Michael Rosenbaum, profession person people, actor)","(Michael Rosenbaum, profession person people, actor)",tail,"(Actor, Has attribute as, Profession)"
"(Vinod Khanna, profession person people, actor)","(Vinod Khanna, profession person people, actor), (Vinod Khanna, profession person people, director), (Vinod Khanna, profession person people, politician)",tail,"(Actor, Has attribute as, Profession)"
"(Paul Sorvino, profession person people, actor)","(Paul Sorvino, profession person people, actor), (Paul Sorvino, profession person people, opera_singer), (Paul Sorvino, profession person people, businessman), (Paul Sorvino, profession person people, writer), (Paul Sorvino, profession person people, sculptor)",tail,"(Actor, Has attribute as, Profession)"
"(Sylvester Stallone, profession person people, actor)","(Sylvester Stallone, profession person people, actor), (Sylvester Stallone, profession person people, screenwriter), (Sylvester Stallone, profession person people, film director)",tail,"(Actor, Has attribute as, Profession)"
"(Bela Lugosi, profession person people, actor)","(Bela Lugosi, profession person people, actor)",tail,"(Actor, Has attribute as, Profession)"
"(Randy Quaid, profession person people, actor)","(Randy Quaid, profession person people, actor)",tail,"(Actor, Has attribute as, Profession)"
"(Ed Lauter, profession person people, actor)","(Ed Lauter, profession person people, actor)",tail,"(Actor, Has attribute as, Profession)"
"(Kurtwood Smith, profession person people, actor)","(Kurtwood Smith, profession person people, actor)",tail,"(Actor, Has attribute as, Profession)"
"(George Strait, profession person people, actor)","(George Strait, profession person people, actor), (George Strait, profession person people, music_producer)",tail,"(Actor, Has attribute as, Profession)"
"(John Hawkes, profession person people, actor)","(John Hawkes, profession person people, actor)",tail,"(Actor, Has attribute as, Profession)"
"(Woody Allen, profession person people, musician)","(Woody Allen, profession person people, musician)",tail,"(Actor, Has attribute as, Profession)"
"(John Cassavetes, profession person people, screenwriter)","(John Cassavetes, profession person people, actor), (John Cassavetes, profession person people, film director), (John Cassavetes, profession person people, screenwriter)",tail,"(Actor, Has attribute as, Profession)"
"(Benjamin Bratt, profession person people, actor)","(Benjamin Bratt, profession person people, actor)",tail,"(Actor, Has attribute as, Profession)"
"(Richard Harris, profession person people, writer)","(Richard Harris, profession person people, actor), (Richard Harris, profession person people, singer), (Richard Harris, profession person people, film director), (Richard Harris, profession person people, writer)",tail,"(Actor, Has attribute as, Profession)"
"(David Alan Grier, profession person people, actor)","(David Alan Grier, profession person people, actor), (David Alan Grier, profession person people, comedian), (David Alan Grier, profession person people, television_producer)",tail,"(Actor, Has attribute as, Profession)"
"(Swoosie Kurtz, profession person people, actor)","(Swoosie Kurtz, profession person people, actor)",tail,"(Actor, Has attribute as, Profession)"
"(Glen Campbell, profession person people, songwriter)","(Glen Campbell, profession person people, songwriter), (Glen Campbell, profession person people, actor)",tail,"(Actor, Has attribute as, Profession)"
"(Raghu Babu, profession person people, actor)","(Raghu Babu, profession person people, actor)",tail,"(Actor, Has attribute as, Profession)"
"(Ed Helms, profession person people, actor)","(Ed Helms, profession person people, actor), (Ed Helms, profession person people, comedian), (Ed Helms, profession person people, singer), (Ed Helms, profession person people, voice_actor)",tail,"(Actor, Has attribute as, Profession)"
"(Demi Moore, profession person people, actor)","(Demi Moore, profession person people, actor)",tail,"(Actor, Has attribute as, Profession)"
"(James Mason, profession person people, actor)","(James Mason, profession person people, actor), (James Mason, profession person people, film producer)",tail,"(Actor, Has attribute as, Profession)"
"(Emily Mortimer, profession person people, actor)","(Emily Mortimer, profession person people, actor), (Emily Mortimer, profession person people, screenwriter)",tail,"(Actor, Has attribute as, Profession)"
"(Charles S. Dutton, profession person people, actor)","(Charles S. Dutton, profession person people, actor), (Charles S. Dutton, profession person people, director)",tail,"(Actor, Has attribute as, Profession)"
"(Corbin Bernsen, profession person people, actor)","(Corbin Bernsen, profession person people, actor), (Corbin Bernsen, profession person people, director)",tail,"(Actor, Has attribute as, Profession)"
"(Robert Stack, profession person people, actor)","(Robert Stack, profession person people, actor)",tail,"(Actor, Has attribute as, Profession)"
"(Nagesh, profession person people, actor)","(Nagesh, profession person people, actor), (Nagesh, profession person people, comedian)",tail,"(Actor, Has attribute as, Profession)"
"(David Strathairn, profession person people, actor)","(David Strathairn, profession person people, actor)",tail,"(Actor, Has attribute as, Profession)"
"(Christoph Waltz, profession person people, actor)","(Christoph Waltz, profession person people, actor)",tail,"(Actor, Has attribute as, Profession)"
"(Michael York, profession person people, actor)","(Michael York, profession person people, Actor)",tail,"(Actor, Has attribute as, Profession)"
"(John Cleese, profession person people, actor)","(John Cleese, profession person people, actor), (John Cleese, profession person people, comedian)",tail,"(Actor, Has attribute as, Profession)"
"(Phil LaMarr, profession person people, actor)","(Phil LaMarr, profession person people, actor), (Phil LaMarr, profession person people, comedian), (Phil LaMarr, profession person people, impressionist), (Phil LaMarr, profession person people, voice_actor)",tail,"(Actor, Has attribute as, Profession)"
"(Adrian Grenier, profession person people, musician)","(Adrian Grenier, profession person people, actor), (Adrian Grenier, profession person people, director), (Adrian Grenier, profession person people, producer), (Adrian Grenier, profession person people, musician)",tail,"(Actor, Has attribute as, Profession)"
"(Eddie Redmayne, profession person people, actor)","(Eddie Redmayne, profession person people, actor)",tail,"(Actor, Has attribute as, Profession)"
"(Toni Collette, profession person people, actor)","(Toni Collette, profession person people, actor), (Toni Collette, profession person people, musician)",tail,"(Actor, Has attribute as, Profession)"
"(Utpal Dutt, profession person people, actor)","(Utpal Dutt, profession person people, actor), (Utpal Dutt, profession person people, director), (Utpal Dutt, profession person people, playwright)",tail,"(Actor, Has attribute as, Profession)"
"(Brian Drummond, profession person people, actor)","(Brian Drummond, profession person people, actor)",tail,"(Actor, Has attribute as, Profession)"
"(Wilmer Valderrama, profession person people, actor)","(Wilmer Valderrama, profession person people, actor), (Wilmer Valderrama, profession person people, singer), (Wilmer Valderrama, profession person people, dancer), (Wilmer Valderrama, profession person people, producer), (Wilmer Valderrama, profession person people, television_personality)",tail,"(Actor, Has attribute as, Profession)"
"(Titus Welliver, profession person people, actor)","(Titus Welliver, profession person people, actor)",tail,"(Actor, Has attribute as, Profession)"
"(Xzibit, profession person people, actor)","(Xzibit, profession person people, actor), (Xzibit, profession person people, television_host)",tail,"(Actor, Has attribute as, Profession)"
"(Ringo Starr, profession person people, musician)","(Ringo Starr, profession person people, musician), (Ringo Starr, profession person people, actor), (Ringo Starr, profession person people, songwriter), (Ringo Starr, profession person people, film producer)",tail,"(Actor, Has attribute as, Profession)"
"(Nick Cannon, profession person people, actor)","(Nick Cannon, profession person people, actor), (Nick Cannon, profession person people, comedian)",tail,"(Actor, Has attribute as, Profession)"
"(Richard Jenkins, profession person people, actor)","(Richard Jenkins, profession person people, actor)",tail,"(Actor, Has attribute as, Profession)"
"(Ice Cube, profession person people, actor)","(Ice Cube, profession person people, actor), (Ice Cube, profession person people, music_producer), (Ice Cube, profession person people, hip_hop_artist)",tail,"(Actor, Has attribute as, Profession)"
"(Mickey Rourke, profession person people, screenwriter)","(Mickey Rourke, profession person people, screenwriter), (Mickey Rourke, profession person people, boxer)",tail,"(Actor, Has attribute as, Profession)"
"(Robert Carlyle, profession person people, actor)","(Robert Carlyle, profession person people, actor)",tail,"(Actor, Has attribute as, Profession)"
"(Tim Robbins, profession person people, actor)","(Tim Robbins, profession person people, actor), (Tim Robbins, profession person people, film director)",tail,"(Actor, Has attribute as, Profession)"
"(Robin Williams, profession person people, actor)","(Robin Williams, profession person people, actor), (Robin Williams, profession person people, voice_actor), (Robin Williams, profession person people, comedian)",tail,"(Actor, Has attribute as, Profession)"
"(Freddy Rodriguez, profession person people, actor)","(Freddy Rodriguez, profession person people, actor)",tail,"(Actor, Has attribute as, Profession)"
"(Bret Michaels, profession person people, musician)","(Bret Michaels, profession person people, musician), (Bret Michaels, profession person people, producer)",tail,"(Actor, Has attribute as, Profession)"
"(Taylor Swift, profession person people, songwriter)","(Taylor Swift, profession person people, songwriter)",tail,"(Actor, Has attribute as, Profession)"
"(Rachel Griffiths, profession person people, actor)","(Rachel Griffiths, profession person people, actor)",tail,"(Actor, Has attribute as, Profession)"
"(Rhys Ifans, profession person people, actor)","(Rhys Ifans, profession person people, actor), (Rhys Ifans, profession person people, musician)",tail,"(Actor, Has attribute as, Profession)"
"(Nick Lachey, profession person people, actor)","(Nick Lachey, profession person people, actor), (Nick Lachey, profession person people, producer), (Nick Lachey, profession person people, television_personality)",tail,"(Actor, Has attribute as, Profession)"
"(Drew Barrymore, profession person people, actor)","(Drew Barrymore, profession person people, actor), (Drew Barrymore, profession person people, director), (Drew Barrymore, profession person people, producer)",tail,"(Actor, Has attribute as, Profession)"
"(Rowan Atkinson, profession person people, actor)","(Rowan Atkinson, profession person people, Actor), (Rowan Atkinson, profession person people, Comedian), (Rowan Atkinson, profession person people, Screenwriter)",tail,"(Actor, Has attribute as, Profession)"
"(Brian Henson, profession person people, film producer)","(Brian Henson, profession person people, film producer), (Brian Henson, profession person people, actor)",tail,"(Actor, Has attribute as, Profession)"
"(Tom Sizemore, profession person people, actor)","(Tom Sizemore, profession person people, actor)",tail,"(Actor, Has attribute as, Profession)"
"(Method Man, profession person people, actor)","(Method Man, profession person people, actor), (Method Man, profession person people, rapper)",tail,"(Actor, Has attribute as, Profession)"
"(Phyllis Logan, profession person people, actor)","(Phyllis Logan, profession person people, actor)",tail,"(Actor, Has attribute as, Profession)"
"(Karen Black, profession person people, actor)","(Karen Black, profession person people, actor), (Karen Black, profession person people, screenwriter), (Karen Black, profession person people, singer), (Karen Black, profession person people, songwriter)",tail,"(Actor, Has attribute as, Profession)"
"(Winston Churchill, nationality person people, England)","(Winston Churchill, nationality person people, United Kingdom)",tail,"(Political Figure, Has attribute as, Nationality)"
"(Patton, language film, English)","(Patton, language film, English)",head,"(Film, Describes type as, Nationality)"
"(Black Hawk Down, language film, English)","(English, language film, English), (English, language film, English)",head,"(Film, Describes type as, Nationality)"
"(Psycho, language film, English)","(Psycho, language film, English)",head,"(Film, Describes type as, Nationality)"
"(Dances with Wolves, language film, English)","(Dances with Wolves, language film, English)",head,"(Film, Describes type as, Nationality)"
"(Children of Men, language film, English)","(Children of Men, language film, English)",head,"(Film, Describes type as, Nationality)"
"(Pirates of the Caribbean: At World's End, language film, English)","(English, language film, English)",head,"(Film, Describes type as, Nationality)"
"(Pineapple Express, language film, English)","(Pineapple Express, language film, English)",head,"(Film, Describes type as, Nationality)"
"(Driving Miss Daisy, language film, English)","(English, language film, English)",head,"(Film, Describes type as, Nationality)"
"(Big, language film, English)","(English, language film, English)",head,"(Film, Describes type as, Nationality)"
"(A Dangerous Method, language film, English)","(English, language film, English)",head,"(Film, Describes type as, Nationality)"
"(Ragtime, language film, English)","(English, language film, English)",head,"(Film, Describes type as, Nationality)"
"(Lilo & Stitch, language film, English)","(Lilo & Stitch, language film, English)",head,"(Film, Describes type as, Nationality)"
"(Freddy vs. Jason, language film, English)","(English, language film, English)",head,"(Film, Describes type as, Nationality)"
"(Adaptation, language film, English)","(English, language film, English)",head,"(Film, Describes type as, Nationality)"
"(Harry Potter and the Half-Blood Prince, language film, English)","(Harry Potter and the Half-Blood Prince, language film, English)",head,"(Film, Describes type as, Nationality)"
"(Enemy at the Gates, language film, English)","(English, language film, English)",head,"(Film, Describes type as, Nationality)"
"(RoboCop, language film, English)","(RoboCop, language film, English)",head,"(Film, Describes type as, Nationality)"
"(Temple Grandin, language film, English)","(Forrest Gump, language film, English)",head,"(Film, Describes type as, Nationality)"
"(21 Jump Street, language film, English)","(English, language film, English)",head,"(Film, Describes type as, Nationality)"
"(Frankenstein, language film, English)","(Frankenstein, language film, English)",head,"(Film, Describes type as, Nationality)"
"(Austin Powers: International Man of Mystery, language film, English)","(Austin Powers: International Man of Mystery, language film, English)",head,"(Film, Describes type as, Nationality)"
"(Fahrenheit 9/11, language film, English)","(Fahrenheit 9/11, language film, English)",head,"(Film, Describes type as, Nationality)"
"(The Last Song, language film, English)","(English, language film, English)",head,"(Film, Describes type as, Nationality)"
"(Gladiator, language film, English)","(English, language film, English)",head,"(Film, Describes type as, Nationality)"
"(Rocky IV, language film, English)","(English, language film, English)",head,"(Film, Describes type as, Nationality)"
"(Contact, language film, English)","(United Kingdom, language film, English)",head,"(Film, Describes type as, Nationality)"
"(Three Kings, language film, English)","(The Lord of the Rings, language film, English), (The Hunger Games, language film, English), (Contact, language film, English)",head,"(Film, Describes type as, Nationality)"
"(The Runaways, language film, English)","(English, language film, English)",head,"(Film, Describes type as, Nationality)"
"(The King's Speech, language film, English)","(English, language film, English)",head,"(Film, Describes type as, Nationality)"
"(Harry Potter and the Philosopher's Stone, language film, English)","(English, language film, English)",head,"(Film, Describes type as, Nationality)"
"(Buck Henry, profession person people, actor)","(screenwriter, profession person people, actor)",head,"(Screenwriter, Has attribute as, Profession)"
"(John Waters, profession person people, actor)","(screenwriter, profession person people, actor), (screenwriter, profession person people, actor)",head,"(Screenwriter, Has attribute as, Profession)"
"(Larry Cohen, profession person people, screenwriter)","(screenwriter, profession person people, screenwriter), (screenwriter, profession person people, screenwriter), (screenwriter, profession person people, screenwriter)",head,"(Screenwriter, Has attribute as, Profession)"
"(Chris Sheridan, profession person people, screenwriter)","(screenwriter, profession person people, screenwriter)",head,"(Screenwriter, Has attribute as, Profession)"
"(Terry Gilliam, profession person people, screenwriter)","(screenwriter, profession person people, screenwriter), (screenwriter, profession person people, screenwriter)",head,"(Screenwriter, Has attribute as, Profession)"
"(Craig Thomas, profession person people, screenwriter)","(screenwriter, profession person people, screenwriter)",head,"(Screenwriter, Has attribute as, Profession)"
"(Jean Passanante, profession person people, screenwriter)","(screenwriter, profession person people, screenwriter)",head,"(Screenwriter, Has attribute as, Profession)"
"(Paul Lieberstein, profession person people, screenwriter)","(screenwriter, profession person people, screenwriter), (screenwriter, profession person people, screenwriter), (screenwriter, profession person people, screenwriter)",head,"(Screenwriter, Has attribute as, Profession)"
"(Jim Sheridan, profession person people, screenwriter)","(screenwriter, profession person people, screenwriter), (screenwriter, profession person people, screenwriter)",head,"(Screenwriter, Has attribute as, Profession)"
"(Michelangelo Antonioni, profession person people, screenwriter)","(screenwriter, profession person people, screenwriter), (screenwriter, profession person people, screenwriter)",head,"(Screenwriter, Has attribute as, Profession)"
"(Werner Herzog, profession person people, screenwriter)","(screenwriter, profession person people, screenwriter)",head,"(Screenwriter, Has attribute as, Profession)"
"(Ethan Coen, profession person people, screenwriter)","(screenwriter, profession person people, screenwriter)",head,"(Screenwriter, Has attribute as, Profession)"
"(Javier Grillo-Marxuach, profession person people, screenwriter)","(screenwriter, profession person people, screenwriter)",head,"(Screenwriter, Has attribute as, Profession)"
"(David S. Goyer, profession person people, film director)","(screenwriter, profession person people, film director)",head,"(Screenwriter, Has attribute as, Profession)"
"(M. Night Shyamalan, profession person people, film director)","(screenwriter, profession person people, film director), (screenwriter, profession person people, film director), (screenwriter, profession person people, film director)",head,"(Screenwriter, Has attribute as, Profession)"
"(Preston Sturges, profession person people, film director)","(screenwriter, profession person people, film director)",head,"(Screenwriter, Has attribute as, Profession)"
"(Alex Kurtzman, profession person people, film producer)","(screenwriter, profession person people, film producer)",head,"(Screenwriter, Has attribute as, Profession)"
"(Jorge Luis Borges, gender person people, male)","(Jorge Luis Borges, gender person people, male)",tail,"(Writer, Has Gender, Gender)"
"(Drake, profession person people, songwriter)","(songwriter, profession person people, songwriter), (songwriter, profession person people, songwriter)",head,"(Songwriter, Has attribute as, Profession)"
"(Gary Moore, profession person people, songwriter)","(songwriter, profession person people, songwriter), (songwriter, profession person people, songwriter), (songwriter, profession person people, songwriter)",head,"(Songwriter, Has attribute as, Profession)"
"(Carole Bayer Sager, profession person people, songwriter)","(songwriter, profession person people, songwriter), (songwriter, profession person people, songwriter)",head,"(Songwriter, Has attribute as, Profession)"
"(Stevie Nicks, profession person people, songwriter)","(songwriter, profession person people, songwriter), (songwriter, profession person people, songwriter)",head,"(Songwriter, Has attribute as, Profession)"
"(Bruce Hornsby, profession person people, songwriter)","(songwriter, profession person people, songwriter), (songwriter, profession person people, songwriter), (songwriter, profession person people, songwriter)",head,"(Songwriter, Has attribute as, Profession)"
"(Gustavo Cerati, profession person people, songwriter)","(songwriter, profession person people, songwriter)",head,"(Songwriter, Has attribute as, Profession)"
"(Walter Becker, profession person people, songwriter)","(songwriter, profession person people, songwriter)",head,"(Songwriter, Has attribute as, Profession)"
"(Richard M. Sherman, profession person people, songwriter)","(songwriter, profession person people, songwriter)",head,"(Songwriter, Has attribute as, Profession)"
"(George Clinton, profession person people, songwriter)","(songwriter, profession person people, songwriter)",head,"(Songwriter, Has attribute as, Profession)"
"(John Mayer, profession person people, songwriter)","(songwriter, profession person people, songwriter)",head,"(Songwriter, Has attribute as, Profession)"
"(Chris Martin, profession person people, songwriter)","(songwriter, profession person people, songwriter), (songwriter, profession person people, songwriter), (songwriter, profession person people, songwriter)",head,"(Songwriter, Has attribute as, Profession)"
"(Jonny Greenwood, profession person people, musician)","(songwriter, profession person people, musician)",head,"(Songwriter, Has attribute as, Profession)"
"(William Orbit, profession person people, musician)","(songwriter, profession person people, musician)",head,"(Songwriter, Has attribute as, Profession)"
"(David Lindley, profession person people, musician)","(songwriter, profession person people, musician)",head,"(Songwriter, Has attribute as, Profession)"
"(Bill Berry, profession person people, musician)","(musician, profession person people, musician)",head,"(Songwriter, Has attribute as, Profession)"
"(Walter Becker, profession person people, musician)","(songwriter, profession person people, musician), (songwriter, profession person people, musician)",head,"(Songwriter, Has attribute as, Profession)"
"(Anatomy of a Murder, country film, United States of America)","(Anatomy of a Murder, country film, United States of America)",head,"(Film, Has Country, Nationality)"
"(A.I. Artificial Intelligence, country film, United States of America)","(American, country film, United States of America)",head,"(Film, Has Country, Nationality)"
"(15 Minutes, country film, United States of America)","(15 Minutes, country film, United States of America)",head,"(Film, Has Country, Nationality)"
"(Four Rooms, country film, United States of America)","(Four Rooms, country film, United States of America)",head,"(Film, Has Country, Nationality)"
"(Pirates of the Caribbean: The Curse of the Black Pearl, country film, United States of America)","(Pirates of the Caribbean: The Curse of the Black Pearl, country film, United States of America)",head,"(Film, Has Country, Nationality)"
"(Twilight Zone: The Movie, country film, United States of America)","(Twilight Zone: The Movie, country film, United States of America)",head,"(Film, Has Country, Nationality)"
"(The Last Picture Show, country film, United States of America)","(The Last Picture Show, country film, United States of America)",head,"(Film, Has Country, Nationality)"
"(The Jacket, country film, United States of America)","(The Jacket, country film, United States of America)",head,"(Film, Has Country, Nationality)"
"(Green Zone, country film, United States of America)","(Green Zone, country film, United States of America)",head,"(Film, Has Country, Nationality)"
"(Boys Don't Cry, country film, United States of America)","(Boys Dont Cry, country film, United States of America)",head,"(Film, Has Country, Nationality)"
"(Sky Captain and the World of Tomorrow, country film, United States of America)","(Sky Captain and the World of Tomorrow, country film, United States of America)",head,"(Film, Has Country, Nationality)"
"(Apocalypse Now, country film, United States of America)","(Apocalypse Now, country film, United States of America)",head,"(Film, Has Country, Nationality)"
"(Dead Ringers, country film, United States of America)","(The Dead Ringers, country film, United States of America)",head,"(Film, Has Country, Nationality)"
"(The Assassination of Jesse James by the Coward Robert Ford, country film, United States of America)","(The Assassination of Jesse James by the Coward Robert Ford, country film, United States of America)",head,"(Film, Has Country, Nationality)"
"(Deep Impact, country film, United States of America)","(Deep Impact, country film, United States of America)",head,"(Film, Has Country, Nationality)"
"(Superman III, country film, United States of America)","(Superman III, country film, United States of America)",head,"(Film, Has Country, Nationality)"
"(Lost Highway, country film, United States of America)","(United States of America, country film, United States of America)",head,"(Film, Has Country, Nationality)"
"(The Killer Inside Me, country film, United States of America)","(The Killer Inside Me, country film, United States of America)",head,"(Film, Has Country, Nationality)"
"(The Proposition, country film, United Kingdom)","(The Proposition, country film, United Kingdom)",head,"(Film, Has Country, Nationality)"
"(The Big Lebowski, country film, United Kingdom)","(The Big Lebowski, country film, United Kingdom)",head,"(Film, Has Country, Nationality)"
"(Tomorrow Never Dies, country film, United Kingdom)","(Tomorrow Never Dies, country film, United Kingdom)",head,"(Film, Has Country, Nationality)"
"(Kingdom of Heaven, country film, United Kingdom)","(Kingdom of Heaven, country film, United Kingdom)",head,"(Film, Has Country, Nationality)"
"(Stardust, country film, United Kingdom)","(Stardust, country film, United Kingdom)",head,"(Film, Has Country, Nationality)"
"(United States of America, second level divisions country location, Clark County)","(United States, second level divisions country location, Clark County)",head,"(Nationality, is located in, Place)"
"(United States of America, second level divisions country location, Hampshire County)","(United States, second level divisions country location, Hampshire County)",head,"(Nationality, is located in, Place)"
"(United States of America, second level divisions country location, Lewis County)","(United States, second level divisions country location, Lewis County)",head,"(Nationality, is located in, Place)"
"(United States of America, second level divisions country location, Inyo County)","(United States, second level divisions country location, Inyo County)",head,"(Nationality, is located in, Place)"
"(United States of America, second level divisions country location, Pasco County)","(United States, second level divisions country location, Pasco County)",head,"(Nationality, is located in, Place)"
"(United States of America, second level divisions country location, Lycoming County)","(United States, second level divisions country location, Lycoming County)",head,"(Nationality, is located in, Place)"
"(United States of America, second level divisions country location, Franklin County)","(United States, second level divisions country location, Franklin County)",head,"(Nationality, is located in, Place)"
"(United States of America, second level divisions country location, Cook County)","(United States, second level divisions country location, Cook County)",head,"(Nationality, is located in, Place)"
"(United States of America, second level divisions country location, Ashtabula County)","(United States, second level divisions country location, Ashtabula County)",head,"(Nationality, is located in, Place)"
"(United States of America, second level divisions country location, Davidson County)","(United States, second level divisions country location, Davidson County)",head,"(Nationality, is located in, Place)"
"(United States of America, second level divisions country location, Hidalgo County)","(United States, second level divisions country location, Hidalgo County)",head,"(Nationality, is located in, Place)"
"(Michael Mann, profession person people, screenwriter)","(writer, profession person people, screenwriter), (author, profession person people, screenwriter)",head,"(Writer, Has attribute as, Profession)"
"(Robert A. Heinlein, profession person people, writer)","(writer, profession person people, writer)",head,"(Writer, Has attribute as, Profession)"
"(Robert E. Howard, profession person people, writer)","(writer, profession person people, writer), (writer, profession person people, writer), (writer, profession person people, writer), (writer, profession person people, writer), (writer, profession person people, writer)",head,"(Writer, Has attribute as, Profession)"
"(Tom DeFalco, profession person people, writer)","(writer, profession person people, writer), (writer, profession person people, writer)",head,"(Writer, Has attribute as, Profession)"
"(Connie Willis, profession person people, writer)","(writer, profession person people, author), (writer, profession person people, playwright), (writer, profession person people, poet), (writer, profession person people, lyricist), (writer, profession person people, screenwriter)",head,"(Writer, Has attribute as, Profession)"
"(Hans Christian Andersen, profession person people, writer)","(writer, profession person people, writer), (writer, profession person people, writer)",head,"(Writer, Has attribute as, Profession)"
"(Fritz Leiber Junior, profession person people, writer)","(writer, profession person people, writer)",head,"(Writer, Has attribute as, Profession)"
"(Frank Capra, gender person people, male)","(Frank Capra, gender person people, male)",head,"(Actor, Has Gender, Gender)"
"(Bob Yari, profession person people, film producer)","(film producer, profession person people, film producer)",head,"(Film Producer, Has attribute as, Profession)"
"(Harvey Weinstein, profession person people, film producer)","(film producer, profession person people, film producer)",head,"(Film Producer, Has attribute as, Profession)"
"(Neal H. Moritz, profession person people, film producer)","(film producer, profession person people, film producer)",head,"(Film Producer, Has attribute as, Profession)"
"(Jeremy Thomas, profession person people, film producer)","(film producer, profession person people, film producer)",head,"(Film Producer, Has attribute as, Profession)"
"(Robert Evans, profession person people, film producer)","(film producer, profession person people, film producer)",head,"(Film Producer, Has attribute as, Profession)"
"(Robert Greenhut, profession person people, film producer)","(film producer, profession person people, film producer), (film producer, profession person people, film producer)",head,"(Film Producer, Has attribute as, Profession)"
"(Orlando, time zones location, Eastern Time Zone)","(Orlando, time zones location, Eastern Time Zone)",head,"(Film, uses_time_zone, Place)"
"(Eleanor Roosevelt, gender person people, female)","(Eleanor Roosevelt, gender person people, female)",tail,"(Political Figure, Has Gender, Gender)"
"(Jesus of Nazareth, country of origin tv program tv, United Kingdom)","(Jesus of Nazareth, country of origin tv program tv, United Kingdom), (Jesus of Nazareth, country of origin tv program tv, Italy)",tail,"(Religious Figure, Is originated from, Nationality)"
"(Gigli, language film, English)","(English, language film, English)",head,"(Film Character, Describes type as, Nationality)"
"(Douglas Fairbanks, profession person people, actor)","(person, profession person people, actor)",head,"(Person Name, Has attribute as, Profession)"
"(Helen Mirren, profession person people, actor)","(actor, profession person people, actor)",head,"(Person Name, Has attribute as, Profession)"
"(Stephen Richard Hackett, profession person people, songwriter)","(songwriter, profession person people, songwriter)",head,"(Person Name, Has attribute as, Profession)"
"(Mike Mills, profession person people, musician)","(Mike Mills, profession person people, musician)",head,"(Person Name, Has attribute as, Profession)"
"(Jonathan Murray, profession person people, television producer)","(profession, profession person people, television producer), (occupation, profession person people, television producer)",head,"(Television Producer, Has attribute as, Profession)"
"(24, genre tv program tv, drama film)","(drama film, genre tv program tv, drama film)",head,"(Number, produce, Film Genre)"
"(Madagascar, genre film, comedy)","(Madagascar, genre film, drama), (Madagascar, genre film, comedy), (Madagascar, genre film, documentary)",tail,"(Nationality, Describes type as, Film Genre)"
"(John Adams, nationality person people, United States of America)","(John Adams, nationality person people, United States of America)",head,"(Person Name, Has attribute as, Nationality)"
"(James K. Polk, nationality person people, United States of America)","(James_K._Polk, nationality person people, United States of America)",head,"(Person Name, Has attribute as, Nationality)"
"(Thomas Hobbes, nationality person people, United Kingdom)","(Thomas_Hobbes, nationality person people, United Kingdom)",head,"(Person Name, Has attribute as, Nationality)"
"(Robert Wyatt, profession person people, musician)","(Robert Wyatt, profession person people, musician), (Robert Wyatt, profession person people, songwriter), (Robert Wyatt, profession person people, singer)",tail,"(Musician, Has attribute as, Profession)"
"(Beck, profession person people, musician)","(Beck, profession person people, musician), (Beck, profession person people, keyboardist), (Beck, profession person people, multi-instrumentalist)",tail,"(Musician, Has attribute as, Profession)"
"(RuPaul, profession person people, actor)","(RuPaul, profession person people, musician)",tail,"(Musician, Has attribute as, Profession)"
"(Edgar Meyer, profession person people, musician)","(Edgar Meyer, profession person people, musician), (Edgar Meyer, profession person people, composer)",tail,"(Musician, Has attribute as, Profession)"
"(Mike Oldfield, profession person people, musician)","(Mike Oldfield, profession person people, musician), (Mike Oldfield, profession person people, record producer)",tail,"(Musician, Has attribute as, Profession)"
"(Chris Isaak, profession person people, musician)","(Chris Isaak, profession person people, musician), (Chris Isaak, profession person people, actor)",tail,"(Musician, Has attribute as, Profession)"
"(Iris, country film, United Kingdom)","(Iris, country film, United Kingdom)",tail,"(Person Name, Has Country, Nationality)"
"(Brookline, time zones location, Eastern Time Zone)","(Massachusetts, time zones location, Eastern Time Zone), (Boston, time zones location, Eastern Time Zone), (Worcester, time zones location, Eastern Time Zone), (Springfield, time zones location, Eastern Time Zone)",head,"(Place, uses_time_zone, Place)"
"(White Plains, time zones location, Eastern Time Zone)","(White Plains, time zones location, Eastern Time Zone), (Westchester County, time zones location, Eastern Time Zone), (New York City, time zones location, Eastern Time Zone), (Orlando, time zones location, Eastern Time Zone), (Raleigh, time zones location, Eastern Time Zone)",head,"(Place, uses_time_zone, Place)"
"(Syracuse, time zones location, Eastern Time Zone)","(Syracuse, time zones location, Eastern Time Zone), (Westchester County, time zones location, Eastern Time Zone), (New York City, time zones location, Eastern Time Zone), (Orlando, time zones location, Eastern Time Zone), (Raleigh, time zones location, Eastern Time Zone)",head,"(Place, uses_time_zone, Place)"
"(Parkersburg, time zones location, Eastern Time Zone)","(Parkersburg, time zones location, Eastern Time Zone)",head,"(Place, uses_time_zone, Place)"
"(Sarasota, time zones location, Eastern Time Zone)","(Sarasota, time zones location, Eastern Time Zone)",head,"(Place, uses_time_zone, Place)"
"(Rocky Mount, time zones location, Eastern Time Zone)","(Rocky Mount, time zones location, Eastern Time Zone)",head,"(Place, uses_time_zone, Place)"
"(New York City, time zones location, Eastern Time Zone)","(New York City, time zones location, Eastern Time Zone)",head,"(Place, uses_time_zone, Place)"
"(St. Augustine, time zones location, Eastern Time Zone)","(St. Augustine, time zones location, Eastern Time Zone)",head,"(Place, uses_time_zone, Place)"
"(Bay City, time zones location, Eastern Time Zone)","(None, time zones location, Eastern Time Zone)",head,"(Place, uses_time_zone, Place)"
"(Raleigh, time zones location, Eastern Time Zone)","(Raleigh, time zones location, Eastern Time Zone), (Charlotte, time zones location, Eastern Time Zone), (Durham, time zones location, Eastern Time Zone), (Greensboro, time zones location, Eastern Time Zone)",head,"(Place, uses_time_zone, Place)"
"(King Vidor, profession person people, screenwriter)","(film_director, profession person people, screenwriter)",head,"(Film Director, Has attribute as, Profession)"
"(Delmer Daves, profession person people, screenwriter)","(screenwriter, profession person people, screenwriter)",head,"(Film Director, Has attribute as, Profession)"
"(John Landis, profession person people, screenwriter)","(screenwriter, profession person people, screenwriter)",head,"(Film Director, Has attribute as, Profession)"
"(Gregory Hoblit, profession person people, film director)","(film director, profession person people, film director)",head,"(Film Director, Has attribute as, Profession)"
"(Mani Ratnam, profession person people, film director)","(film director, profession person people, film director)",head,"(Film Director, Has attribute as, Profession)"
"(George Cukor, profession person people, film director)","(film director, profession person people, film director), (film director, profession person people, film director)",head,"(Film Director, Has attribute as, Profession)"
"(Howard Morris, profession person people, film director)","(film director, profession person people, film director)",head,"(Film Director, Has attribute as, Profession)"
"(Barry Sonnenfeld, profession person people, film director)","(film director, profession person people, film director)",head,"(Film Director, Has attribute as, Profession)"
"(Fred Zinnemann, profession person people, film director)","(film director, profession person people, film director), (film director, profession person people, film director)",head,"(Film Director, Has attribute as, Profession)"
"(Akira Kurosawa, profession person people, film director)","(film director, profession person people, film director)",head,"(Film Director, Has attribute as, Profession)"
"(Renny Harlin, profession person people, film producer)","(film director, profession person people, film producer)",head,"(Film Director, Has attribute as, Profession)"
"(Chuck, country of origin tv program tv, United States of America)","(Morgan Freeman, country of origin tv program tv, United States of America), (Barbra Streisand, country of origin tv program tv, United States of America), (Tom Brady, country of origin tv program tv, United States of America)",head,"(Person Name, Is originated from, Nationality)"
"(United Kingdom, contains location, Westminster)","(United Kingdom, contains location, City of London), (United Kingdom, contains location, Chesterfield), (United Kingdom, contains location, Halifax), (United Kingdom, contains location, Derby), (United Kingdom, contains location, Kettering), (United Kingdom, contains location, Stockport), (United Kingdom, contains location, Pontefract), (United Kingdom, contains location, Wrexham), (United Kingdom, contains location, Hastings)",tail,"(Nationality, country_of_film, Place)"
"(Fear the Walking Dead, country of origin tv program tv, United States of America)","(The Walking Dead, country of origin tv program tv, United States of America)",head,"(Film, Is originated from, Nationality)"
"(Sherlock, country of origin tv program tv, United Kingdom)","(Sherlock, country of origin tv program tv, United Kingdom)",tail,"(Television Series, Is originated from, Nationality)"
"(Guiding Light, country of origin tv program tv, United States of America)","(Guiding Light, country of origin tv program tv, United States)",tail,"(Television Series, Is originated from, Nationality)"
"(Roots: The Next Generations, country of origin tv program tv, United States of America)","(Roots: The Next Generations, country of origin tv program tv, United States)",tail,"(Television Series, Is originated from, Nationality)"
"(The Biggest Loser, country of origin tv program tv, United States of America)","(The Biggest Loser, country of origin tv program tv, United States)",tail,"(Television Series, Is originated from, Nationality)"
"(The Amazing Race, country of origin tv program tv, United States of America)","(The Amazing Race, country of origin tv program tv, United States)",tail,"(Television Series, Is originated from, Nationality)"
"(Alexander, language film, English)","(Alexander, language film, English)",tail,"(Place, Describes type as, Nationality)"
"(Welsh people, languages spoken ethnicity people, English)","(English people, languages spoken ethnicity people, English)",head,"(Ethnic Group, is spoken by, Nationality)"
"(Armenians, languages spoken ethnicity people, English)","(Armenian people, languages spoken ethnicity people, English)",head,"(Ethnic Group, is spoken by, Nationality)"
"(Indian people, languages spoken ethnicity people, English)","(English, languages spoken ethnicity people, English), (English, languages spoken ethnicity people, English), (English, languages spoken ethnicity people, English)",head,"(Ethnic Group, is spoken by, Nationality)"
"(Gandhi, language film, English)","(Gandhi, language film, India)",tail,"(Person Name, Describes type as, Nationality)"
"(Saturday Night's Main Event, languages tv program tv, English)","(languages tv program tv, languages tv program tv, English)",head,"(Television Series, speaks, Nationality)"
"(Ian Fleming, gender person people, male)","(Ian Fleming, gender person people, male)",tail,"(Screenwriter, Has Gender, Gender)"
"(multi-instrumentalist, specialization of profession people, musician)","(multi-instrumentalist, specialization of profession people, musician)",head,"(Profession, has_specialization, Profession)"
"(Thom Yorke, nationality person people, England)","(Thom Yorke, nationality person people, United Kingdom)",tail,"(Musician, Has attribute as, Nationality)"
"(Victoria Beckham, nationality person people, England)","(Victoria Beckham, nationality person people, United Kingdom)",tail,"(Musician, Has attribute as, Nationality)"
"(David Attenborough, nationality person people, United Kingdom)","(writer, nationality person people, United Kingdom)",head,"(Writer, Has attribute as, Nationality)"
"(Sex and the City, country film, United States of America)","(TV program, country film, United States of America)",head,"(Television Series, Has Country, Nationality)"
"(New Year's Eve, genre film, comedy)","(New Year's Eve, genre film, comedy)",tail,"(Event, Describes type as, Film Genre)"
"(Frank Capra, nationality person people, United States of America)","(Frank Capra, nationality person people, United States of America)",head,"(Actor, Has attribute as, Nationality)"
"(United States of America, time zones location, Pacific Time Zone)","(United States of America, time zones location, Pacific Time Zone), (United States of America, time zones location, Alaska Time Zone), (United States of America, time zones location, Hawaii-Aleutian Time Zone)",tail,"(Nationality, uses_time_zone, Place)"
"(Boris Leven, gender person people, male)","(person, gender person people, male)",head,"(Person Name, Has Gender, Gender)"
"(Franklin Delano Roosevelt, gender person people, male)","(Franklin_D._Roosevelt, gender person people, male)",head,"(Person Name, Has Gender, Gender)"
"(George Harrison, nationality person people, England)","(George Harrison, nationality person people, United Kingdom)",tail,"(Songwriter, Has attribute as, Nationality)"
"(Winston-Salem, country bibs location biblioness base, United States of America)","(United States of America, country bibs location biblioness base, United States of America)",head,"(Place, is_located_in, Nationality)"
"(Meet Dave, gender person people, male)","(person, gender person people, male)",head,"(Film, Has Gender, Gender)"
